num_clients,mean_per_client_s,ci_low_s,ci_high_s
1,0.003171,0.002777,0.003565
5,0.007770,0.007329,0.008210
9,0.008960,0.008457,0.009464
13,0.011311,0.010716,0.011907
17,0.013890,0.013062,0.014719
21,0.015202,0.014786,0.015618
25,0.018682,0.017599,0.019765
29,0.021194,0.020335,0.022054
