bw,loss,delay_c2_ms,udp_off_mean,iter,md5_hash_1,md5_hash_2,ttc1,ttc2,size1_bytes,size2_bytes,thr1_mbps,thr2_mbps,link_util,jfi 
100,0,5,None,0,67d9ea16a7ca6be5ba14a8def4dd8473,67d9ea16a7ca6be5ba14a8def4dd8473,9.173184,8.129597,32317690,32317690,28.184490,31.802502,0.599870,0.996375
100,0,10,None,0,67d9ea16a7ca6be5ba14a8def4dd8473,67d9ea16a7ca6be5ba14a8def4dd8473,11.217182,11.319512,32317690,32317690,23.048705,22.840342,0.458890,0.999979
100,0,15,None,0,67d9ea16a7ca6be5ba14a8def4dd8473,67d9ea16a7ca6be5ba14a8def4dd8473,7.609560,10.409060,32317690,32317690,33.975883,24.838124,0.588140,0.976430
100,0,20,None,0,67d9ea16a7ca6be5ba14a8def4dd8473,67d9ea16a7ca6be5ba14a8def4dd8473,6.624239,8.870707,32317690,32317690,39.029616,29.145536,0.681752,0.979413
100,0,25,None,0,67d9ea16a7ca6be5ba14a8def4dd8473,67d9ea16a7ca6be5ba14a8def4dd8473,6.881268,10.439739,32317690,32317690,37.571783,24.765132,0.623369,0.959503
