bw,loss,delay_c2_ms,udp_off_mean,iter,md5_hash_1,md5_hash_2,ttc1,ttc2,size1_bytes,size2_bytes,thr1_mbps,thr2_mbps,link_util,jfi 
100,0.0,5,None,0,67d9ea16a7ca6be5ba14a8def4dd8473,67d9ea16a7ca6be5ba14a8def4dd8473,7.974707,8.320116,32317690,32317690,32.420192,31.074269,0.634945,0.999551
100,0.5,5,None,0,67d9ea16a7ca6be5ba14a8def4dd8473,67d9ea16a7ca6be5ba14a8def4dd8473,11.416061,12.351395,32317690,32317690,22.647175,20.932171,0.435793,0.998454
100,1.0,5,None,0,67d9ea16a7ca6be5ba14a8def4dd8473,67d9ea16a7ca6be5ba14a8def4dd8473,17.665310,17.088804,32317690,32317690,14.635550,15.129293,0.297648,0.999725
100,1.5,5,None,0,67d9ea16a7ca6be5ba14a8def4dd8473,67d9ea16a7ca6be5ba14a8def4dd8473,23.882046,24.549769,32317690,32317690,10.825769,10.531322,0.213571,0.999810
100,2.0,5,None,0,67d9ea16a7ca6be5ba14a8def4dd8473,67d9ea16a7ca6be5ba14a8def4dd8473,31.390471,30.998284,32317690,32317690,8.236306,8.340511,0.165768,0.999960
