bw,loss,delay_c2_ms,udp_off_mean,iter,md5_hash_1,md5_hash_2,ttc1,ttc2,size1_bytes,size2_bytes,thr1_mbps,thr2_mbps,link_util,jfi 
100,0.0,5,None,0,67d9ea16a7ca6be5ba14a8def4dd8473,67d9ea16a7ca6be5ba14a8def4dd8473,8.773887,7.162015,32317690,32317690,29.467157,36.098989,0.655661,0.989873
100,0.5,5,None,0,67d9ea16a7ca6be5ba14a8def4dd8473,67d9ea16a7ca6be5ba14a8def4dd8473,12.769878,11.139228,32317690,32317690,20.246201,23.210003,0.434562,0.995370
100,1.0,5,None,0,67d9ea16a7ca6be5ba14a8def4dd8473,67d9ea16a7ca6be5ba14a8def4dd8473,18.112493,17.622301,32317690,32317690,14.274209,14.671269,0.289455,0.999812
100,1.5,5,None,0,67d9ea16a7ca6be5ba14a8def4dd8473,67d9ea16a7ca6be5ba14a8def4dd8473,23.948353,23.907573,32317690,32317690,10.795796,10.814210,0.216100,0.999999
100,2.0,5,None,0,67d9ea16a7ca6be5ba14a8def4dd8473,67d9ea16a7ca6be5ba14a8def4dd8473,32.800720,28.836620,32317690,32317690,7.882190,8.965736,0.168479,0.995881
