bw,loss,delay_c2_ms,udp_off_mean,iter,md5_hash_1,md5_hash_2,ttc1,ttc2,size1_bytes,size2_bytes,thr1_mbps,thr2_mbps,link_util,jfi 
100,0,5,None,0,67d9ea16a7ca6be5ba14a8def4dd8473,67d9ea16a7ca6be5ba14a8def4dd8473,8.594309,9.314809,32317690,32317690,30.082874,27.755966,0.578388,0.998384
100,0,10,None,0,67d9ea16a7ca6be5ba14a8def4dd8473,67d9ea16a7ca6be5ba14a8def4dd8473,8.325435,10.469305,32317690,32317690,31.054417,24.695194,0.557496,0.987156
100,0,15,None,0,67d9ea16a7ca6be5ba14a8def4dd8473,67d9ea16a7ca6be5ba14a8def4dd8473,10.854346,15.381832,32317690,32317690,23.819170,16.808239,0.406274,0.971082
100,0,20,None,0,67d9ea16a7ca6be5ba14a8def4dd8473,67d9ea16a7ca6be5ba14a8def4dd8473,11.796149,16.538224,32317690,32317690,21.917451,15.632968,0.375504,0.972753
100,0,25,None,0,67d9ea16a7ca6be5ba14a8def4dd8473,67d9ea16a7ca6be5ba14a8def4dd8473,11.023393,18.089325,32317690,32317690,23.453896,14.292491,0.377464,0.944369
