bw,loss,delay_c2_ms,udp_off_mean,iter,md5_hash_1,md5_hash_2,ttc1,ttc2,size1_bytes,size2_bytes,thr1_mbps,thr2_mbps,link_util,jfi 
100,0,5,1.5,0,67d9ea16a7ca6be5ba14a8def4dd8473,67d9ea16a7ca6be5ba14a8def4dd8473,10.763016,9.752158,32317690,32317690,24.021290,26.511212,0.505325,0.997578
100,0,5,0.8,0,67d9ea16a7ca6be5ba14a8def4dd8473,67d9ea16a7ca6be5ba14a8def4dd8473,9.726213,13.020432,32317690,32317690,26.581929,19.856600,0.464385,0.979457
100,0,5,0.5,0,67d9ea16a7ca6be5ba14a8def4dd8473,67d9ea16a7ca6be5ba14a8def4dd8473,14.347231,16.220552,32317690,32317690,18.020308,15.939132,0.339594,0.996258
