bw,loss,delay_c2_ms,udp_off_mean,iter,md5_hash_1,md5_hash_2,ttc1,ttc2,size1_bytes,size2_bytes,thr1_mbps,thr2_mbps,link_util,jfi 
100,0,5,None,0,67d9ea16a7ca6be5ba14a8def4dd8473,67d9ea16a7ca6be5ba14a8def4dd8473,6.787568,8.649961,32317690,32317690,38.090452,29.889327,0.679798,0.985655
100,0,10,None,0,67d9ea16a7ca6be5ba14a8def4dd8473,67d9ea16a7ca6be5ba14a8def4dd8473,10.439148,10.071925,32317690,32317690,24.766534,25.669524,0.504361,0.999680
100,0,15,None,0,67d9ea16a7ca6be5ba14a8def4dd8473,67d9ea16a7ca6be5ba14a8def4dd8473,8.341892,10.027344,32317690,32317690,30.993153,25.783648,0.567768,0.991651
100,0,20,None,0,67d9ea16a7ca6be5ba14a8def4dd8473,67d9ea16a7ca6be5ba14a8def4dd8473,6.221340,8.856416,32317690,32317690,41.557208,29.192568,0.707498,0.970362
100,0,25,None,0,67d9ea16a7ca6be5ba14a8def4dd8473,67d9ea16a7ca6be5ba14a8def4dd8473,5.600509,9.426668,32317690,32317690,46.163935,27.426606,0.735905,0.939118
