bw,loss,delay_c2_ms,udp_off_mean,iter,md5_hash_1,md5_hash_2,ttc1,ttc2,size1_bytes,size2_bytes,thr1_mbps,thr2_mbps,link_util,jfi 
100,0.0,5,None,0,67d9ea16a7ca6be5ba14a8def4dd8473,67d9ea16a7ca6be5ba14a8def4dd8473,9.576595,9.634449,32317690,32317690,26.997228,26.835114,0.538323,0.999991
100,0.5,5,None,0,67d9ea16a7ca6be5ba14a8def4dd8473,67d9ea16a7ca6be5ba14a8def4dd8473,65.080992,64.595226,32317690,32317690,3.972612,4.002487,0.079751,0.999986
100,1.0,5,None,0,67d9ea16a7ca6be5ba14a8def4dd8473,67d9ea16a7ca6be5ba14a8def4dd8473,92.421415,98.002964,32317690,32317690,2.797420,2.638099,0.054355,0.999142
100,1.5,5,None,0,67d9ea16a7ca6be5ba14a8def4dd8473,67d9ea16a7ca6be5ba14a8def4dd8473,113.376025,113.369220,32317690,32317690,2.280390,2.280527,0.045609,1.000000
100,2.0,5,None,0,67d9ea16a7ca6be5ba14a8def4dd8473,67d9ea16a7ca6be5ba14a8def4dd8473,141.053533,132.466091,32317690,32317690,1.832932,1.951756,0.037847,0.999015
