bw,loss,delay_c2_ms,udp_off_mean,iter,md5_hash_1,md5_hash_2,ttc1,ttc2,size1_bytes,size2_bytes,thr1_mbps,thr2_mbps,link_util,jfi 
100,0,5,1.5,0,67d9ea16a7ca6be5ba14a8def4dd8473,67d9ea16a7ca6be5ba14a8def4dd8473,10.062475,9.484591,32317690,32317690,25.693632,27.259110,0.529527,0.999127
100,0,5,0.8,0,67d9ea16a7ca6be5ba14a8def4dd8473,67d9ea16a7ca6be5ba14a8def4dd8473,11.265233,11.687869,32317690,32317690,22.950393,22.120501,0.450709,0.999661
100,0,5,0.5,0,67d9ea16a7ca6be5ba14a8def4dd8473,67d9ea16a7ca6be5ba14a8def4dd8473,14.998829,14.553064,32317690,32317690,17.237447,17.765435,0.350029,0.999773
