bw,loss,delay_c2_ms,udp_off_mean,iter,md5_hash_1,md5_hash_2,ttc1,ttc2,size1_bytes,size2_bytes,thr1_mbps,thr2_mbps,link_util,jfi 
100,0.0,5,None,0,67d9ea16a7ca6be5ba14a8def4dd8473,67d9ea16a7ca6be5ba14a8def4dd8473,6.704951,7.032333,32317690,32317690,38.559791,36.764689,0.753245,0.999432
100,0.5,5,None,0,67d9ea16a7ca6be5ba14a8def4dd8473,67d9ea16a7ca6be5ba14a8def4dd8473,37.366123,35.035585,32317690,32317690,6.919142,7.379398,0.142985,0.998965
100,1.0,5,None,0,67d9ea16a7ca6be5ba14a8def4dd8473,67d9ea16a7ca6be5ba14a8def4dd8473,55.404618,45.490407,32317690,32317690,4.666425,5.683429,0.103499,0.990437
100,1.5,5,None,0,67d9ea16a7ca6be5ba14a8def4dd8473,67d9ea16a7ca6be5ba14a8def4dd8473,66.733733,67.592257,32317690,32317690,3.874225,3.825017,0.076992,0.999959
100,2.0,5,None,0,67d9ea16a7ca6be5ba14a8def4dd8473,67d9ea16a7ca6be5ba14a8def4dd8473,84.576086,86.036565,32317690,32317690,3.056910,3.005019,0.060619,0.999927
