iteration,loss,delay,jitter,md5_hash,ttc
0,1,20,0,cc83be85db391e9396e1427b3e124968,45.32068204879761
0,2,20,0,cc83be85db391e9396e1427b3e124968,47.93026280403137
0,3,20,0,cc83be85db391e9396e1427b3e124968,46.844855308532715
0,4,20,0,cc83be85db391e9396e1427b3e124968,48.016282081604004
0,5,20,0,cc83be85db391e9396e1427b3e124968,48.51758098602295
