iteration,loss,delay,jitter,md5_hash,ttc
0,1,20,20,d5adf1c398f27af104efa5ae05b584a7,57.395200967788696
0,1,20,40,d5adf1c398f27af104efa5ae05b584a7,118.1795642375946
