iteration,loss,delay,jitter,md5_hash,ttc
0,1,20,0,cc83be85db391e9396e1427b3e124968,49.127525091171265
0,2,20,0,cc83be85db391e9396e1427b3e124968,51.556023836135864
0,3,20,0,cc83be85db391e9396e1427b3e124968,54.847471714019775
0,4,20,0,cc83be85db391e9396e1427b3e124968,58.92439341545105
0,5,20,0,cc83be85db391e9396e1427b3e124968,63.021302938461304
