iteration,loss,delay,jitter,md5_hash,ttc
0,1,20,20,cc83be85db391e9396e1427b3e124968,47.43406820297241
0,1,20,40,cc83be85db391e9396e1427b3e124968,47.33017063140869
0,1,20,60,cc83be85db391e9396e1427b3e124968,49.0937876701355
0,1,20,80,cc83be85db391e9396e1427b3e124968,53.45197319984436
0,1,20,100,cc83be85db391e9396e1427b3e124968,54.265368700027466
