iteration,loss,delay,jitter,md5_hash,ttc
0,1,20,20,bd0f80f6e0b56d5a050a99a29d36bdd1,41.41914415359497
0,1,20,40,82f17895fb373da34f7b99af47d604a7,43.30271100997925
0,1,20,60,82f17895fb373da34f7b99af47d604a7,48.102914571762085
0,1,20,80,cc83be85db391e9396e1427b3e124968,54.909090995788574
0,1,20,100,82f17895fb373da34f7b99af47d604a7,60.86990022659302
