iteration,loss,delay,jitter,md5_hash,ttc
0,1,20,20,8354376a47dda8e60992592d9c100b38,54.73985767364502
1,1,20,20,408ae30f94ea89e3c325300f95749efc,54.67495012283325
2,1,20,20,e796218d98bfd763671b77f3732c13bb,54.20547032356262
3,1,20,20,a20929995e112a45f45309f5bfd20998,54.56159734725952
4,1,20,20,14d3c596e1b5f066b7770ffb9e8dba03,54.267680168151855
