iteration,loss,delay,jitter,md5_hash,ttc
0,1,20,0,cc83be85db391e9396e1427b3e124968,49.84339213371277
0,2,20,0,cc83be85db391e9396e1427b3e124968,53.646419048309326
0,3,20,0,cc83be85db391e9396e1427b3e124968,55.711936950683594
0,4,20,0,cc83be85db391e9396e1427b3e124968,58.66333341598511
0,5,20,0,cc83be85db391e9396e1427b3e124968,59.986661195755005
