iteration,loss,delay,jitter,md5_hash,ttc
0,1,20,20,cc83be85db391e9396e1427b3e124968,53.22606945037842
0,1,20,40,cc83be85db391e9396e1427b3e124968,64.36073994636536
0,1,20,60,cc83be85db391e9396e1427b3e124968,74.7503809928894
0,1,20,80,cc83be85db391e9396e1427b3e124968,88.76576161384583
0,1,20,100,cc83be85db391e9396e1427b3e124968,99.96638631820679
