iteration,loss,delay,jitter,md5_hash,ttc
0,1,20,0,cc83be85db391e9396e1427b3e124968,46.4420690536499
0,2,20,0,cc83be85db391e9396e1427b3e124968,47.327375650405884
0,3,20,0,cc83be85db391e9396e1427b3e124968,49.241050243377686
0,4,20,0,cc83be85db391e9396e1427b3e124968,48.87736654281616
0,5,20,0,cc83be85db391e9396e1427b3e124968,50.68818235397339
