iteration,loss,delay,jitter,md5_hash,ttc
0,1,20,0,cc83be85db391e9396e1427b3e124968,47.82359719276428
0,2,20,0,cc83be85db391e9396e1427b3e124968,50.37367820739746
0,3,20,0,cc83be85db391e9396e1427b3e124968,52.704925775527954
0,4,20,0,cc83be85db391e9396e1427b3e124968,53.683165073394775
0,5,20,0,cc83be85db391e9396e1427b3e124968,57.337411642074585
