iteration,loss,delay,jitter,md5_hash,ttc
0,1,20,0,cc83be85db391e9396e1427b3e124968,47.01101994514465
0,2,20,0,cc83be85db391e9396e1427b3e124968,49.05948734283447
0,3,20,0,cc83be85db391e9396e1427b3e124968,50.82968497276306
0,4,20,0,cc83be85db391e9396e1427b3e124968,53.05229067802429
0,5,20,0,cc83be85db391e9396e1427b3e124968,54.761415243148804
