iteration,loss,delay,jitter,md5_hash,ttc
0,1,20,20,cc83be85db391e9396e1427b3e124968,53.79583716392517
1,1,20,20,cc83be85db391e9396e1427b3e124968,55.800760984420776
2,1,20,20,cc83be85db391e9396e1427b3e124968,53.76457142829895
0,1,20,40,cc83be85db391e9396e1427b3e124968,61.17724680900574
1,1,20,40,cc83be85db391e9396e1427b3e124968,64.65783524513245
2,1,20,40,cc83be85db391e9396e1427b3e124968,64.4261953830719
0,1,20,60,cc83be85db391e9396e1427b3e124968,74.80433917045593
1,1,20,60,cc83be85db391e9396e1427b3e124968,76.4124801158905
2,1,20,60,cc83be85db391e9396e1427b3e124968,75.96286725997925
