iteration,loss,delay,jitter,md5_hash,ttc
0,5,20,0,cc83be85db391e9396e1427b3e124968,62.32720136642456
1,5,20,0,cc83be85db391e9396e1427b3e124968,63.055394887924194
2,5,20,0,cc83be85db391e9396e1427b3e124968,65.47770476341248
3,5,20,0,cc83be85db391e9396e1427b3e124968,63.12292122840881
