iteration,loss,delay,jitter,md5_hash,ttc
0,1,20,20,cc83be85db391e9396e1427b3e124968,44.6030056476593
0,1,20,40,cc83be85db391e9396e1427b3e124968,45.2899956703186
0,1,20,60,cc83be85db391e9396e1427b3e124968,53.42663931846619
0,1,20,80,cc83be85db391e9396e1427b3e124968,55.11302399635315
0,1,20,100,cc83be85db391e9396e1427b3e124968,61.39157748222351
